{
    "av_loc": 142.5702479338843,
    "av_num_methods": 3.206611570247934,
    "av_bleu": 1.627625040157596,
    "av_codebleu": 28.95429002374691,
    "av_readability": 146.1773318392206,
    "av_xmatch": 0.0,
    "av_rouge_p": 4.492450499000632,
    "av_rouge_r": 37.64188301232581,
    "av_rouge_f": 6.802343845419142,
    "av_edit_sim": 25.1801652892562,
    "av_baseline_loc": 941.8338842975206,
    "av_baseline_num_methods": 56.73305785123967,
    "av_baseline_readability": 10.18776010676112,
    "total_av_coverage": -1.0,
    "total_av_mutation_score": -1.0,
    "total_av_pass_at_one": 0.0,
    "subset_report": {
        "av_loc": 71.02222222222223,
        "av_num_methods": 0.022222222222222223,
        "av_bleu": 0.40690981278564325,
        "av_codebleu": 29.578177277030743,
        "av_readability": 240.36597590799698,
        "av_xmatch": 0.0,
        "av_rouge_p": 2.725683012612745,
        "av_rouge_r": 36.892775302203056,
        "av_rouge_f": 4.757027070739192,
        "av_edit_sim": 21.755555555555556,
        "av_baseline_loc": 859.2444444444444,
        "av_baseline_num_methods": 47.46666666666667,
        "av_baseline_readability": 9.794844649960739,
        "av_coverage": -1.0,
        "av_mutation_score": -1.0,
        "av_pass_at_one": 0.0
    }
}