{
    "av_loc": 142.5702479338843,
    "av_num_methods": 3.206611570247934,
    "av_bleu": 1.627625040157596,
    "av_codebleu": 28.957146549028618,
    "av_readability": 146.1773318392206,
    "av_xmatch": 0.0,
    "av_rouge_p": 4.492450499000632,
    "av_rouge_r": 37.64188301232581,
    "av_rouge_f": 6.802343845419142,
    "av_edit_sim": 25.1801652892562,
    "av_baseline_loc": 941.8338842975206,
    "av_baseline_num_methods": 56.73305785123967,
    "av_baseline_readability": 10.18776010676112,
    "total_av_coverage": -1.0,
    "total_av_mutation_score": -1.0,
    "total_av_pass_at_one": 0.0,
    "subset_report": {
        "av_loc": 81.46428571428571,
        "av_num_methods": 0.03571428571428571,
        "av_bleu": 0.4909016347711897,
        "av_codebleu": 29.605863594020235,
        "av_readability": 190.99187096879538,
        "av_xmatch": 0.0,
        "av_rouge_p": 3.3445803280342106,
        "av_rouge_r": 35.15410696070078,
        "av_rouge_f": 5.703707215711498,
        "av_edit_sim": 22.821428571428573,
        "av_baseline_loc": 562.6071428571429,
        "av_baseline_num_methods": 32.357142857142854,
        "av_baseline_readability": 8.543417052625985,
        "av_coverage": -1.0,
        "av_mutation_score": -1.0,
        "av_pass_at_one": 0.0
    }
}