{
    "av_loc": 142.5702479338843,
    "av_num_methods": 3.206611570247934,
    "av_bleu": 1.627625040157596,
    "av_codebleu": 28.993299019441725,
    "av_readability": 146.1773318392206,
    "av_xmatch": 0.0,
    "av_rouge_p": 4.492450499000632,
    "av_rouge_r": 37.64188301232581,
    "av_rouge_f": 6.802343845419142,
    "av_edit_sim": 25.1801652892562,
    "av_baseline_loc": 941.8338842975206,
    "av_baseline_num_methods": 56.73305785123967,
    "av_baseline_readability": 10.18776010676112,
    "total_av_coverage": -1.0,
    "total_av_mutation_score": -1.0,
    "total_av_pass_at_one": 0.0,
    "subset_report": {
        "av_loc": 77.37037037037037,
        "av_num_methods": 0.0,
        "av_bleu": 0.3004454044316472,
        "av_codebleu": 30.450822097913598,
        "av_readability": 326.36062051927416,
        "av_xmatch": 0.0,
        "av_rouge_p": 2.6060750513060675,
        "av_rouge_r": 41.454724175067895,
        "av_rouge_f": 4.654520431957344,
        "av_edit_sim": 21.77777777777778,
        "av_baseline_loc": 995.925925925926,
        "av_baseline_num_methods": 55.888888888888886,
        "av_baseline_readability": 10.57876294803963,
        "av_coverage": -1.0,
        "av_mutation_score": -1.0,
        "av_pass_at_one": 0.0
    }
}