{
    "av_loc": 343.4888888888889,
    "av_num_methods": 21.133333333333333,
    "av_bleu": 0.850275598632615,
    "av_codebleu": 11.292058405911616,
    "av_readability": 8.305504911670026,
    "av_xmatch": 0.0,
    "av_rouge_p": 10.159670096493388,
    "av_rouge_r": 12.731368288182455,
    "av_rouge_f": 10.028759135237785,
    "av_edit_sim": 17.511111111111113,
    "av_baseline_loc": 859.2444444444444,
    "av_baseline_num_methods": 47.46666666666667,
    "av_baseline_readability": 9.794844649960742,
    "total_av_coverage": 30.178560109482596,
    "total_av_mutation_score": 2.650888888888889,
    "total_av_pass_at_one": 0.6222222222222222,
    "subset_report": {
        "av_loc": 551.4285714285714,
        "av_num_methods": 33.964285714285715,
        "av_bleu": 1.366514354945274,
        "av_codebleu": 18.14795100950081,
        "av_readability": 9.85700075089826,
        "av_xmatch": 0.0,
        "av_rouge_p": 16.32804122650723,
        "av_rouge_r": 20.46112760600752,
        "av_rouge_f": 16.11764861020358,
        "av_edit_sim": 28.142857142857142,
        "av_baseline_loc": 562.6071428571429,
        "av_baseline_num_methods": 32.357142857142854,
        "av_baseline_readability": 8.543417052625982,
        "av_coverage": 49.10840017595417,
        "av_mutation_score": 4.867499999999999,
        "av_pass_at_one": 1.0
    }
}