{
    "av_loc": 121.86446280991736,
    "av_num_methods": 18.42479338842975,
    "av_bleu": 8.573888233345075,
    "av_codebleu": 31.871733881169565,
    "av_readability": 7.2539201945735705,
    "av_xmatch": 0.0,
    "av_rouge_p": 16.807330516821725,
    "av_rouge_r": 53.909775595782065,
    "av_rouge_f": 22.927558853570027,
    "av_edit_sim": 25.898347107438017,
    "av_baseline_loc": 941.8338842975206,
    "av_baseline_num_methods": 56.73305785123967,
    "av_baseline_readability": 10.187760106761116,
    "total_av_coverage": 33.739628246607005,
    "total_av_mutation_score": 17.34321487603305,
    "total_av_pass_at_one": 0.6338842975206611,
    "subset_report": {
        "av_loc": 120.89285714285714,
        "av_num_methods": 18.035714285714285,
        "av_bleu": 10.344862100122972,
        "av_codebleu": 33.678839480320526,
        "av_readability": 7.076126445592794,
        "av_xmatch": 0.0,
        "av_rouge_p": 23.676904005701925,
        "av_rouge_r": 55.05359824488894,
        "av_rouge_f": 31.131356432700507,
        "av_edit_sim": 30.571428571428573,
        "av_baseline_loc": 562.6071428571429,
        "av_baseline_num_methods": 32.357142857142854,
        "av_baseline_readability": 8.543417052625983,
        "av_coverage": 52.95770691607745,
        "av_mutation_score": 29.675000000000004,
        "av_pass_at_one": 0.9642857142857143
    }
}