{
    "av_loc": 138.9909090909091,
    "av_num_methods": 21.468595041322313,
    "av_bleu": 9.197959775871563,
    "av_codebleu": 31.16532376743626,
    "av_readability": 7.3721015082676296,
    "av_xmatch": 0.0,
    "av_rouge_p": 17.14410236758773,
    "av_rouge_r": 52.062005785423786,
    "av_rouge_f": 23.116922312943615,
    "av_edit_sim": 27.44297520661157,
    "av_baseline_loc": 941.8338842975206,
    "av_baseline_num_methods": 56.73305785123967,
    "av_baseline_readability": 10.187760106761118,
    "total_av_coverage": 34.825415644823046,
    "total_av_mutation_score": 18.399413223140492,
    "total_av_pass_at_one": 0.640495867768595,
    "subset_report": {
        "av_loc": 144.39285714285714,
        "av_num_methods": 21.464285714285715,
        "av_bleu": 12.141720968164398,
        "av_codebleu": 32.658861149641375,
        "av_readability": 7.292670158393475,
        "av_xmatch": 0.0,
        "av_rouge_p": 23.731873710210667,
        "av_rouge_r": 52.52634555836881,
        "av_rouge_f": 30.846718060757357,
        "av_edit_sim": 33.5,
        "av_baseline_loc": 562.6071428571429,
        "av_baseline_num_methods": 32.357142857142854,
        "av_baseline_readability": 8.543417052625983,
        "av_coverage": 56.31237802411909,
        "av_mutation_score": 33.377857142857145,
        "av_pass_at_one": 0.9642857142857143
    }
}