{
    "av_loc": 138.9909090909091,
    "av_num_methods": 21.468595041322313,
    "av_bleu": 9.197959775871563,
    "av_codebleu": 31.162272850271528,
    "av_readability": 7.3721015082676296,
    "av_xmatch": 0.0,
    "av_rouge_p": 17.14410236758773,
    "av_rouge_r": 52.062005785423786,
    "av_rouge_f": 23.116922312943615,
    "av_edit_sim": 27.44297520661157,
    "av_baseline_loc": 941.8338842975206,
    "av_baseline_num_methods": 56.73305785123967,
    "av_baseline_readability": 10.187760106761118,
    "total_av_coverage": 34.825415644823046,
    "total_av_mutation_score": 18.399413223140492,
    "total_av_pass_at_one": 0.640495867768595,
    "subset_report": {
        "av_loc": 144.66666666666666,
        "av_num_methods": 21.25925925925926,
        "av_bleu": 9.762547513946094,
        "av_codebleu": 35.63810152078649,
        "av_readability": 7.323044838688045,
        "av_xmatch": 0.0,
        "av_rouge_p": 18.928517433531884,
        "av_rouge_r": 60.55193965955758,
        "av_rouge_f": 27.88491232351089,
        "av_edit_sim": 26.555555555555557,
        "av_baseline_loc": 995.925925925926,
        "av_baseline_num_methods": 55.888888888888886,
        "av_baseline_readability": 10.57876294803963,
        "av_coverage": 59.531093999837005,
        "av_mutation_score": 32.977407407407405,
        "av_pass_at_one": 0.9629629629629629
    }
}