{
    "av_loc": 138.9909090909091,
    "av_num_methods": 21.468595041322313,
    "av_bleu": 9.197959775871563,
    "av_codebleu": 31.151425669703563,
    "av_readability": 7.3721015082676296,
    "av_xmatch": 0.0,
    "av_rouge_p": 17.14410236758773,
    "av_rouge_r": 52.062005785423786,
    "av_rouge_f": 23.116922312943615,
    "av_edit_sim": 27.44297520661157,
    "av_baseline_loc": 941.8338842975206,
    "av_baseline_num_methods": 56.73305785123967,
    "av_baseline_readability": 10.187760106761118,
    "total_av_coverage": 34.825415644823046,
    "total_av_mutation_score": 18.399413223140492,
    "total_av_pass_at_one": 0.640495867768595,
    "subset_report": {
        "av_loc": 148.7111111111111,
        "av_num_methods": 22.08888888888889,
        "av_bleu": 9.906786898090722,
        "av_codebleu": 33.2719543618006,
        "av_readability": 7.120621486493699,
        "av_xmatch": 0.0,
        "av_rouge_p": 20.739705925762497,
        "av_rouge_r": 55.010068077587704,
        "av_rouge_f": 28.1603109934182,
        "av_edit_sim": 28.77777777777778,
        "av_baseline_loc": 859.2444444444444,
        "av_baseline_num_methods": 47.46666666666667,
        "av_baseline_readability": 9.794844649960739,
        "av_coverage": 57.26741081329033,
        "av_mutation_score": 31.736888888888895,
        "av_pass_at_one": 0.9777777777777777
    }
}