{
    "av_loc": 121.86446280991736,
    "av_num_methods": 18.42479338842975,
    "av_bleu": 8.573888233345075,
    "av_codebleu": 31.83235725557213,
    "av_readability": 7.2539201945735705,
    "av_xmatch": 0.0,
    "av_rouge_p": 16.807330516821725,
    "av_rouge_r": 53.909775595782065,
    "av_rouge_f": 22.927558853570027,
    "av_edit_sim": 25.898347107438017,
    "av_baseline_loc": 941.8338842975206,
    "av_baseline_num_methods": 56.73305785123967,
    "av_baseline_readability": 10.187760106761116,
    "total_av_coverage": 33.739628246607005,
    "total_av_mutation_score": 17.34321487603305,
    "total_av_pass_at_one": 0.6338842975206611,
    "subset_report": {
        "av_loc": 120.42222222222222,
        "av_num_methods": 17.377777777777776,
        "av_bleu": 8.329089579065052,
        "av_codebleu": 34.98981784382759,
        "av_readability": 6.983000462567655,
        "av_xmatch": 0.0,
        "av_rouge_p": 20.695688163649535,
        "av_rouge_r": 58.775861645869384,
        "av_rouge_f": 28.584043820047857,
        "av_edit_sim": 25.822222222222223,
        "av_baseline_loc": 859.2444444444444,
        "av_baseline_num_methods": 47.46666666666667,
        "av_baseline_readability": 9.794844649960739,
        "av_coverage": 53.95837091160803,
        "av_mutation_score": 28.12333333333334,
        "av_pass_at_one": 0.9777777777777777
    }
}