{
    "av_loc": 121.86446280991736,
    "av_num_methods": 18.42479338842975,
    "av_bleu": 8.573888233345075,
    "av_codebleu": 31.8624326727024,
    "av_readability": 7.2539201945735705,
    "av_xmatch": 0.0,
    "av_rouge_p": 16.807330516821725,
    "av_rouge_r": 53.909775595782065,
    "av_rouge_f": 22.927558853570027,
    "av_edit_sim": 25.898347107438017,
    "av_baseline_loc": 941.8338842975206,
    "av_baseline_num_methods": 56.73305785123967,
    "av_baseline_readability": 10.187760106761116,
    "total_av_coverage": 33.739628246607005,
    "total_av_mutation_score": 17.34321487603305,
    "total_av_pass_at_one": 0.6338842975206611,
    "subset_report": {
        "av_loc": 117.48148148148148,
        "av_num_methods": 16.85185185185185,
        "av_bleu": 7.491541280795827,
        "av_codebleu": 37.55030396893327,
        "av_readability": 7.103932730085855,
        "av_xmatch": 0.0,
        "av_rouge_p": 18.764765789684873,
        "av_rouge_r": 64.14327281927609,
        "av_rouge_f": 27.971837031755012,
        "av_edit_sim": 22.48148148148148,
        "av_baseline_loc": 995.925925925926,
        "av_baseline_num_methods": 55.888888888888886,
        "av_baseline_readability": 10.57876294803963,
        "av_coverage": 55.550557015524184,
        "av_mutation_score": 27.768518518518515,
        "av_pass_at_one": 0.9629629629629629
    }
}