{
    "av_loc": 432.68888888888887,
    "av_num_methods": 17.533333333333335,
    "av_bleu": 1.3895436839011075,
    "av_codebleu": 18.198746464744335,
    "av_readability": 0.45817931680337814,
    "av_xmatch": 0.0,
    "av_rouge_p": 7.347637425191724,
    "av_rouge_r": 21.73075993745037,
    "av_rouge_f": 9.693296034266455,
    "av_edit_sim": 14.244444444444444,
    "av_baseline_loc": 859.2444444444444,
    "av_baseline_num_methods": 47.46666666666667,
    "av_baseline_readability": 9.794844649960742,
    "total_av_coverage": 23.979647215630727,
    "total_av_mutation_score": 4.153999999999999,
    "total_av_pass_at_one": 0.6,
    "subset_report": {
        "av_loc": 257.55555555555554,
        "av_num_methods": 22.444444444444443,
        "av_bleu": 2.1485751721477873,
        "av_codebleu": 27.740847408169703,
        "av_readability": 6.3558916925196005,
        "av_xmatch": 0.0,
        "av_rouge_p": 10.049305401989265,
        "av_rouge_r": 35.01250311158876,
        "av_rouge_f": 14.73036370066727,
        "av_edit_sim": 22.22222222222222,
        "av_baseline_loc": 995.925925925926,
        "av_baseline_num_methods": 55.888888888888886,
        "av_baseline_readability": 10.578762948039628,
        "av_coverage": 40.63274535938454,
        "av_mutation_score": 7.589999999999998,
        "av_pass_at_one": 1.0
    }
}